<?xml version="1.0"?>
<log4php:configuration xmlns:log4php="http://logging.apache.org/log4php/">
    <appender name="default" class="LoggerAppenderDailyFile">
        <param name="file" value="protected/var/log/default-%s.log" />
        <param name="datePattern" value="Y-m" />
        <layout class="LoggerLayoutPattern">
            <param name="ConversionPattern" value="%d{Y-m-d H:i:s} [%p] %c: %m (at %F line %L)%n" />
        </layout>
    </appender>
    <appender name="infoLog" class="LoggerAppenderDailyFile">
        <param name="file" value="protected/var/log/infos-%s.log" />
        <param name="datePattern" value="Y-m" />
        <layout class="LoggerLayoutPattern">
            <param name="ConversionPattern" value="%d{Y-m-d H:i:s} [%p] %c: %m (at %F line %L)%n" />
        </layout>
    </appender>
    <appender name="indisponibiliteLog" class="LoggerAppenderDailyFile">
        <param name="file" value="protected/var/log/indisponibilite.log" />
    </appender>
    <appender name="errorLog" class="LoggerAppenderDailyFile">
        <param name="file" value="protected/var/log/error-%s.log" />
        <param name="datePattern" value="Y-m" />
        <layout class="LoggerLayoutPattern">
            <param name="ConversionPattern" value="%d{Y-m-d H:i:s} [%p] %c: %m (at %F line %L)%n" />
        </layout>
        <filter class="LoggerFilterLevelRange">
            <param name="LevelMin" value="error" />
            <param name="LevelMax" value="fatal" />
        </filter>
        <filter class="LoggerFilterDenyAll" />
    </appender>
    <root>
        <level value="WARN" />
        <appender_ref ref="default" />
    </root>
    <logger name="rdvLogInfo" additivity="true">
        <level value="INFO" />
        <appender_ref ref="infoLog" />
    </logger>
    <logger name="rdvLogErreur" additivity="true">
        <level value="WARN" />
        <appender_ref ref="errorLog" />
    </logger>
    <logger name="indisponibiliteLogInfo" additivity="true">
        <level value="INFO" />
        <appender_ref ref="indisponibiliteLog" />
    </logger>
</log4php:configuration>