<?xml version="1.0"?>
<!-- $Id: abap.xml,v 1.1 2007/06/03 02:35:28 ssttoo Exp $ -->

<highlight lang="abap" case = "no">

  <authors>
    <author name="Stoyan Stefanov" email ="ssttoo@gmail.com"/>
  </authors>


  <default innerClass="code" />


  <region name="block" delimClass="brackets" innerClass="code" start="\{" end="\}">
    <contains all="yes"/>
  </region>

  <region name="brackets" delimClass="brackets" innerClass="code" start="\(" end="\)">
    <contains all="yes"/>
  </region>

  <region name="sqbrackets" delimClass="brackets" innerClass="code" start="\[" end="\]">
    <contains all="yes"/>
  </region>
  
  <region name="comment" start="^\*|&quot;" end="/$/m" innerClass="comment">
    <contains all="no"/>
  </region>
  
  <region name="strsingle" delimClass="quotes" innerClass="string" start="'" end="'" />

  <block name="identifier" match="[a-zA-Z_]\w*" innerClass="identifier" contained="yes"/>

  <block name="hexinteger" match="0[xX][\da-f]+" innerClass="number" contained="yes"/>

  <block name="integer" match="\d\d*|\b0\b" innerClass="number" contained="yes"/>

  <block name="octinteger" match="0[0-7]+" innerClass="number" contained="yes"/>

  <block name="float" match="(\d*\.\d+)|(\d+\.\d*)" innerClass="number" contained="yes"/>

  
  <block name="identifier" match="[a-z_\-]\w*" innerClass="identifier" case="no"/>

  <keywords name="sy" inherits="identifier" innerClass="reserved">
    <keyword match="SCREEN-NAME"/>
    <keyword match="SCREEN-GROUP1"/>
    <keyword match="SCREEN-GROUP2"/>
    <keyword match="SCREEN-GROUP3"/>
    <keyword match="SCREEN-GROUP4"/>
    <keyword match="SCREEN-REQUIRED"/>
    <keyword match="SCREEN-INPUT"/>
    <keyword match="SCREEN-OUTPUT"/>
    <keyword match="SCREEN-INTENSIFIED"/>
    <keyword match="SCREEN-INVISIBLE"/>
    <keyword match="SCREEN-LENGTH"/>
    <keyword match="SCREEN-ACTIVE"/>
    <keyword match="SY-INDEX"/>
    <keyword match="SY-PAGNO"/>
    <keyword match="SY-TABIX"/>
    <keyword match="SY-TFILL"/>
    <keyword match="SY-TLOPC"/>
    <keyword match="SY-TMAXL"/>
    <keyword match="SY-TOCCU"/>
    <keyword match="SY-TTABC"/>
    <keyword match="SY-TSTIS"/>
    <keyword match="SY-TTABI"/>
    <keyword match="SY-DBCNT"/>
    <keyword match="SY-FDPOS"/>
    <keyword match="SY-COLNO"/>
    <keyword match="SY-LINCT"/>
    <keyword match="SY-LINNO"/>
    <keyword match="SY-LINSZ"/>
    <keyword match="SY-PAGCT"/>
    <keyword match="SY-MACOL"/>
    <keyword match="SY-MAROW"/>
    <keyword match="SY-TLENG"/>
    <keyword match="SY-SFOFF"/>
    <keyword match="SY-WILLI"/>
    <keyword match="SY-LILLI"/>
    <keyword match="SY-SUBRC"/>
    <keyword match="SY-FLENG"/>
    <keyword match="SY-CUCOL"/>
    <keyword match="SY-CUROW"/>
    <keyword match="SY-LSIND"/>
    <keyword match="SY-LISTI"/>
    <keyword match="SY-STEPL"/>
    <keyword match="SY-TPAGI"/>
    <keyword match="SY-WINX1"/>
    <keyword match="SY-WINY1"/>
    <keyword match="SY-WINX2"/>
    <keyword match="SY-WINY2"/>
    <keyword match="SY-WINCO"/>
    <keyword match="SY-WINRO"/>
    <keyword match="SY-WINDI"/>
    <keyword match="SY-SROWS"/>
    <keyword match="SY-SCOLS"/>
    <keyword match="SY-LOOPC"/>
    <keyword match="SY-FOLEN"/>
    <keyword match="SY-FODEC"/>
    <keyword match="SY-TZONE"/>
    <keyword match="SY-DAYST"/>
    <keyword match="SY-FTYPE"/>
    <keyword match="SY-APPLI"/>
    <keyword match="SY-FDAYW"/>
    <keyword match="SY-CCURS"/>
    <keyword match="SY-CCURT"/>
    <keyword match="SY-DEBUG"/>
    <keyword match="SY-CTYPE"/>
    <keyword match="SY-INPUT"/>
    <keyword match="SY-LANGU"/>
    <keyword match="SY-MODNO"/>
    <keyword match="SY-BATCH"/>
    <keyword match="SY-BINPT"/>
    <keyword match="SY-CALLD"/>
    <keyword match="SY-DYNNR"/>
    <keyword match="SY-DYNGR"/>
    <keyword match="SY-NEWPA"/>
    <keyword match="SY-PRI40"/>
    <keyword match="SY-RSTRT"/>
    <keyword match="SY-WTITL"/>
    <keyword match="SY-CPAGE"/>
    <keyword match="SY-DBNAM"/>
    <keyword match="SY-MANDT"/>
    <keyword match="SY-PREFX"/>
    <keyword match="SY-FMKEY"/>
    <keyword match="SY-PEXPI"/>
    <keyword match="SY-PRINI"/>
    <keyword match="SY-PRIMM"/>
    <keyword match="SY-PRREL"/>
    <keyword match="SY-PLAYO"/>
    <keyword match="SY-PRBIG"/>
    <keyword match="SY-PLAYP"/>
    <keyword match="SY-PRNEW"/>
    <keyword match="SY-PRLOG"/>
    <keyword match="SY-PDEST"/>
    <keyword match="SY-PLIST"/>
    <keyword match="SY-PAUTH"/>
    <keyword match="SY-PRDSN"/>
    <keyword match="SY-PNWPA"/>
    <keyword match="SY-CALLR"/>
    <keyword match="SY-REPI2"/>
    <keyword match="SY-RTITL"/>
    <keyword match="SY-PRREC"/>
    <keyword match="SY-PRTXT"/>
    <keyword match="SY-PRABT"/>
    <keyword match="SY-LPASS"/>
    <keyword match="SY-NRPAG"/>
    <keyword match="SY-PAART"/>
    <keyword match="SY-PRCOP"/>
    <keyword match="SY-BATZS"/>
    <keyword match="SY-BSPLD"/>
    <keyword match="SY-BREP4"/>
    <keyword match="SY-BATZO"/>
    <keyword match="SY-BATZD"/>
    <keyword match="SY-BATZW"/>
    <keyword match="SY-BATZM"/>
    <keyword match="SY-CTABL"/>
    <keyword match="SY-DBSYS"/>
    <keyword match="SY-DCSYS"/>
    <keyword match="SY-MACDB"/>
    <keyword match="SY-SYSID"/>
    <keyword match="SY-OPSYS"/>
    <keyword match="SY-PFKEY"/>
    <keyword match="SY-SAPRL"/>
    <keyword match="SY-TCODE"/>
    <keyword match="SY-UCOMM"/>
    <keyword match="SY-CFWAE"/>
    <keyword match="SY-CHWAE"/>
    <keyword match="SY-SPONO"/>
    <keyword match="SY-SPONR"/>
    <keyword match="SY-WAERS"/>
    <keyword match="SY-CDATE"/>
    <keyword match="SY-DATUM"/>
    <keyword match="SY-SLSET"/>
    <keyword match="SY-SUBTY"/>
    <keyword match="SY-SUBCS"/>
    <keyword match="SY-GROUP"/>
    <keyword match="SY-FFILE"/>
    <keyword match="SY-UZEIT"/>
    <keyword match="SY-DSNAM"/>
    <keyword match="SY-REPID"/>
    <keyword match="SY-TABID"/>
    <keyword match="SY-TFDSN"/>
    <keyword match="SY-UNAME"/>
    <keyword match="SY-LSTAT"/>
    <keyword match="SY-ABCDE"/>
    <keyword match="SY-MARKY"/>
    <keyword match="SY-SFNAM"/>
    <keyword match="SY-TNAME"/>
    <keyword match="SY-MSGLI"/>
    <keyword match="SY-TITLE"/>
    <keyword match="SY-ENTRY"/>
    <keyword match="SY-LISEL"/>
    <keyword match="SY-ULINE"/>
    <keyword match="SY-XCODE"/>
    <keyword match="SY-CPROG"/>
    <keyword match="SY-XPROG"/>
    <keyword match="SY-XFORM"/>
    <keyword match="SY-LDBPG"/>
    <keyword match="SY-TVAR0"/>
    <keyword match="SY-TVAR1"/>
    <keyword match="SY-TVAR2"/>
    <keyword match="SY-TVAR3"/>
    <keyword match="SY-TVAR4"/>
    <keyword match="SY-TVAR5"/>
    <keyword match="SY-TVAR6"/>
    <keyword match="SY-TVAR7"/>
    <keyword match="SY-TVAR8"/>
    <keyword match="SY-TVAR9"/>
    <keyword match="SY-MSGID"/>
    <keyword match="SY-MSGTY"/>
    <keyword match="SY-MSGNO"/>
    <keyword match="SY-MSGV1"/>
    <keyword match="SY-MSGV2"/>
    <keyword match="SY-MSGV3"/>
    <keyword match="SY-MSGV4"/>
    <keyword match="SY-ONCOM"/>
    <keyword match="SY-VLINE"/>
    <keyword match="SY-WINSL"/>
    <keyword match="SY-STACO"/>
    <keyword match="SY-STARO"/>
    <keyword match="SY-DATAR"/>
    <keyword match="SY-HOST"/>
    <keyword match="SY-LOCDB"/>
    <keyword match="SY-LOCOP"/>
    <keyword match="SY-DATLO"/>
    <keyword match="SY-TIMLO"/>
    <keyword match="SY-ZONLO"/>
    <keyword match="SYST-INDEX"/>
    <keyword match="SYST-PAGNO"/>
    <keyword match="SYST-TABIX"/>
    <keyword match="SYST-TFILL"/>
    <keyword match="SYST-TLOPC"/>
    <keyword match="SYST-TMAXL"/>
    <keyword match="SYST-TOCCU"/>
    <keyword match="SYST-TTABC"/>
    <keyword match="SYST-TSTIS"/>
    <keyword match="SYST-TTABI"/>
    <keyword match="SYST-DBCNT"/>
    <keyword match="SYST-FDPOS"/>
    <keyword match="SYST-COLNO"/>
    <keyword match="SYST-LINCT"/>
    <keyword match="SYST-LINNO"/>
    <keyword match="SYST-LINSZ"/>
    <keyword match="SYST-PAGCT"/>
    <keyword match="SYST-MACOL"/>
    <keyword match="SYST-MAROW"/>
    <keyword match="SYST-TLENG"/>
    <keyword match="SYST-SFOFF"/>
    <keyword match="SYST-WILLI"/>
    <keyword match="SYST-LILLI"/>
    <keyword match="SYST-SUBRC"/>
    <keyword match="SYST-FLENG"/>
    <keyword match="SYST-CUCOL"/>
    <keyword match="SYST-CUROW"/>
    <keyword match="SYST-LSIND"/>
    <keyword match="SYST-LISTI"/>
    <keyword match="SYST-STEPL"/>
    <keyword match="SYST-TPAGI"/>
    <keyword match="SYST-WINX1"/>
    <keyword match="SYST-WINY1"/>
    <keyword match="SYST-WINX2"/>
    <keyword match="SYST-WINY2"/>
    <keyword match="SYST-WINCO"/>
    <keyword match="SYST-WINRO"/>
    <keyword match="SYST-WINDI"/>
    <keyword match="SYST-SROWS"/>
    <keyword match="SYST-SCOLS"/>
    <keyword match="SYST-LOOPC"/>
    <keyword match="SYST-FOLEN"/>
    <keyword match="SYST-FODEC"/>
    <keyword match="SYST-TZONE"/>
    <keyword match="SYST-DAYST"/>
    <keyword match="SYST-FTYPE"/>
    <keyword match="SYST-APPLI"/>
    <keyword match="SYST-FDAYW"/>
    <keyword match="SYST-CCURS"/>
    <keyword match="SYST-CCURT"/>
    <keyword match="SYST-DEBUG"/>
    <keyword match="SYST-CTYPE"/>
    <keyword match="SYST-INPUT"/>
    <keyword match="SYST-LANGU"/>
    <keyword match="SYST-MODNO"/>
    <keyword match="SYST-BATCH"/>
    <keyword match="SYST-BINPT"/>
    <keyword match="SYST-CALLD"/>
    <keyword match="SYST-DYNNR"/>
    <keyword match="SYST-DYNGR"/>
    <keyword match="SYST-NEWPA"/>
    <keyword match="SYST-PRI40"/>
    <keyword match="SYST-RSTRT"/>
    <keyword match="SYST-WTITL"/>
    <keyword match="SYST-CPAGE"/>
    <keyword match="SYST-DBNAM"/>
    <keyword match="SYST-MANDT"/>
    <keyword match="SYST-PREFX"/>
    <keyword match="SYST-FMKEY"/>
    <keyword match="SYST-PEXPI"/>
    <keyword match="SYST-PRINI"/>
    <keyword match="SYST-PRIMM"/>
    <keyword match="SYST-PRREL"/>
    <keyword match="SYST-PLAYO"/>
    <keyword match="SYST-PRBIG"/>
    <keyword match="SYST-PLAYP"/>
    <keyword match="SYST-PRNEW"/>
    <keyword match="SYST-PRLOG"/>
    <keyword match="SYST-PDEST"/>
    <keyword match="SYST-PLIST"/>
    <keyword match="SYST-PAUTH"/>
    <keyword match="SYST-PRDSN"/>
    <keyword match="SYST-PNWPA"/>
    <keyword match="SYST-CALLR"/>
    <keyword match="SYST-REPI2"/>
    <keyword match="SYST-RTITL"/>
    <keyword match="SYST-PRREC"/>
    <keyword match="SYST-PRTXT"/>
    <keyword match="SYST-PRABT"/>
    <keyword match="SYST-LPASS"/>
    <keyword match="SYST-NRPAG"/>
    <keyword match="SYST-PAART"/>
    <keyword match="SYST-PRCOP"/>
    <keyword match="SYST-BATZS"/>
    <keyword match="SYST-BSPLD"/>
    <keyword match="SYST-BREP4"/>
    <keyword match="SYST-BATZO"/>
    <keyword match="SYST-BATZD"/>
    <keyword match="SYST-BATZW"/>
    <keyword match="SYST-BATZM"/>
    <keyword match="SYST-CTABL"/>
    <keyword match="SYST-DBSYS"/>
    <keyword match="SYST-DCSYS"/>
    <keyword match="SYST-MACDB"/>
    <keyword match="SYST-SYSID"/>
    <keyword match="SYST-OPSYS"/>
    <keyword match="SYST-PFKEY"/>
    <keyword match="SYST-SAPRL"/>
    <keyword match="SYST-TCODE"/>
    <keyword match="SYST-UCOMM"/>
    <keyword match="SYST-CFWAE"/>
    <keyword match="SYST-CHWAE"/>
    <keyword match="SYST-SPONO"/>
    <keyword match="SYST-SPONR"/>
    <keyword match="SYST-WAERS"/>
    <keyword match="SYST-CDATE"/>
    <keyword match="SYST-DATUM"/>
    <keyword match="SYST-SLSET"/>
    <keyword match="SYST-SUBTY"/>
    <keyword match="SYST-SUBCS"/>
    <keyword match="SYST-GROUP"/>
    <keyword match="SYST-FFILE"/>
    <keyword match="SYST-UZEIT"/>
    <keyword match="SYST-DSNAM"/>
    <keyword match="SYST-REPID"/>
    <keyword match="SYST-TABID"/>
    <keyword match="SYST-TFDSN"/>
    <keyword match="SYST-UNAME"/>
    <keyword match="SYST-LSTAT"/>
    <keyword match="SYST-ABCDE"/>
    <keyword match="SYST-MARKY"/>
    <keyword match="SYST-SFNAM"/>
    <keyword match="SYST-TNAME"/>
    <keyword match="SYST-MSGLI"/>
    <keyword match="SYST-TITLE"/>
    <keyword match="SYST-ENTRY"/>
    <keyword match="SYST-LISEL"/>
    <keyword match="SYST-ULINE"/>
    <keyword match="SYST-XCODE"/>
    <keyword match="SYST-CPROG"/>
    <keyword match="SYST-XPROG"/>
    <keyword match="SYST-XFORM"/>
    <keyword match="SYST-LDBPG"/>
    <keyword match="SYST-TVAR0"/>
    <keyword match="SYST-TVAR1"/>
    <keyword match="SYST-TVAR2"/>
    <keyword match="SYST-TVAR3"/>
    <keyword match="SYST-TVAR4"/>
    <keyword match="SYST-TVAR5"/>
    <keyword match="SYST-TVAR6"/>
    <keyword match="SYST-TVAR7"/>
    <keyword match="SYST-TVAR8"/>
    <keyword match="SYST-TVAR9"/>
    <keyword match="SYST-MSGID"/>
    <keyword match="SYST-MSGTY"/>
    <keyword match="SYST-MSGNO"/>
    <keyword match="SYST-MSGV1"/>
    <keyword match="SYST-MSGV2"/>
    <keyword match="SYST-MSGV3"/>
    <keyword match="SYST-MSGV4"/>
    <keyword match="SYST-ONCOM"/>
    <keyword match="SYST-VLINE"/>
    <keyword match="SYST-WINSL"/>
    <keyword match="SYST-STACO"/>
    <keyword match="SYST-STARO"/>
    <keyword match="SYST-DATAR"/>
    <keyword match="SYST-HOST"/>
    <keyword match="SYST-LOCDB"/>
    <keyword match="SYST-LOCOP"/>
    <keyword match="SYST-DATLO"/>
    <keyword match="SYST-TIMLO"/>
    <keyword match="SYST-ZONLO"/>
  </keywords> 


  <keywords name="reserved" inherits="identifier" innerClass="reserved">
    <keyword match="ABS"/>
    <keyword match="ACOS"/>
    <keyword match="ADD"/>
    <keyword match="ADD-CORRESPONDING"/>
    <keyword match="ADJACENT"/>
    <keyword match="AFTER"/>
    <keyword match="ALIASES"/>
    <keyword match="ALL"/>
    <keyword match="ANALYZER"/>
    <keyword match="AND"/>
    <keyword match="ANY"/>
    <keyword match="APPEND"/>
    <keyword match="AS"/>
    <keyword match="ASCENDING"/>
    <keyword match="ASIN"/>
    <keyword match="ASSIGN"/>
    <keyword match="ASSIGNED"/>
    <keyword match="ASSIGNING"/>
    <keyword match="AT"/>
    <keyword match="ATAN"/>
    <keyword match="AUTHORITY-CHECK"/>
    <keyword match="AVG"/>
    <keyword match="BACK"/>
    <keyword match="BEFORE"/>
    <keyword match="BEGIN"/>
    <keyword match="BINARY"/>
    <keyword match="BIT"/>
    <keyword match="BIT-AND"/>
    <keyword match="BIT-NOT"/>
    <keyword match="BIT-OR"/>
    <keyword match="BIT-XOR"/>
    <keyword match="BLANK"/>
    <keyword match="BLOCK"/>
    <keyword match="BREAK-POINT"/>
    <keyword match="BUFFER"/>
    <keyword match="BY"/>
    <keyword match="C"/>
    <keyword match="CALL"/>
    <keyword match="CASE"/>
    <keyword match="CATCH"/>
    <keyword match="CEIL"/>
    <keyword match="CENTERED"/>
    <keyword match="CHAIN"/>
    <keyword match="CHANGE"/>
    <keyword match="CHANGING"/>
    <keyword match="CHECK"/>
    <keyword match="CHECKBOX"/>
    <keyword match="CLASS"/>
    <keyword match="CLASS-DATA"/>
    <keyword match="CLASS-EVENTS"/>
    <keyword match="CLASS-METHODS"/>
    <keyword match="CLASS-POOL"/>
    <keyword match="CLEAR"/>
    <keyword match="CLIENT"/>
    <keyword match="CLOSE"/>
    <keyword match="CNT"/>
    <keyword match="CODE"/>
    <keyword match="COLLECT"/>
    <keyword match="COLOR"/>
    <keyword match="COMMENT"/>
    <keyword match="COMMIT"/>
    <keyword match="COMMUNICATION"/>
    <keyword match="COMPUTE"/>
    <keyword match="CONCATENATE"/>
    <keyword match="CONDENSE"/>
    <keyword match="CONSTANTS"/>
    <keyword match="CONTEXT"/>
    <keyword match="CONTEXTS"/>
    <keyword match="CONTINUE"/>
    <keyword match="CONTROL"/>
    <keyword match="CONTROLS"/>
    <keyword match="CONVERT"/>
    <keyword match="COPY"/>
    <keyword match="CORRESPONDING"/>
    <keyword match="COS"/>
    <keyword match="COSH"/>
    <keyword match="COUNT"/>
    <keyword match="COUNTRY"/>
    <keyword match="CREATE"/>
    <keyword match="CURRENCY"/>
    <keyword match="CURSOR"/>
    <keyword match="CUSTOMER-FUNCTION"/>
    <keyword match="DATA"/>
    <keyword match="DATABASE"/>
    <keyword match="DATASET"/>
    <keyword match="DELETE"/>
    <keyword match="DECIMALS"/>
    <keyword match="DEFAULT"/>
    <keyword match="DEFINE"/>
    <keyword match="DELETE"/>
    <keyword match="DEMAND"/>
    <keyword match="DESCENDING"/>
    <keyword match="DESCRIBE"/>
    <keyword match="DIALOG"/>
    <keyword match="DISTINCT"/>
    <keyword match="DIV"/>
    <keyword match="DIVIDE"/>
    <keyword match="DIVIDE-CORRESPONDING"/>
    <keyword match="DO"/>
    <keyword match="DUPLICATES"/>
    <keyword match="DYNPRO"/>
    <keyword match="EDIT"/>
    <keyword match="EDITOR-CALL"/>
    <keyword match="ELSE"/>
    <keyword match="ELSEIF"/>
    <keyword match="END"/>
    <keyword match="END-OF-DEFINITION"/>
    <keyword match="END-OF-PAGE"/>
    <keyword match="END-OF-SELECTION"/>
    <keyword match="ENDAT"/>
    <keyword match="ENDCASE"/>
    <keyword match="ENDCATCH"/>
    <keyword match="ENDCHAIN"/>
    <keyword match="ENDCLASS"/>
    <keyword match="ENDDO"/>
    <keyword match="ENDEXEC"/>
    <keyword match="ENDFORM"/>
    <keyword match="ENDFUNCTION"/>
    <keyword match="ENDIF"/>
    <keyword match="ENDINTERFACE"/>
    <keyword match="ENDLOOP"/>
    <keyword match="ENDMETHOD"/>
    <keyword match="ENDMODULE"/>
    <keyword match="ENDON"/>
    <keyword match="ENDPROVIDE"/>
    <keyword match="ENDSELECT"/>
    <keyword match="ENDWHILE"/>
    <keyword match="ENTRIES"/>
    <keyword match="EVENTS"/>
    <keyword match="EXEC"/>
    <keyword match="EXIT"/>
    <keyword match="EXIT-COMMAND"/>
    <keyword match="EXP"/>
    <keyword match="EXPONENT"/>
    <keyword match="EXPORT"/>
    <keyword match="EXPORTING"/>
    <keyword match="EXCEPTIONS"/>
    <keyword match="EXTENDED"/>
    <keyword match="EXTRACT"/>
    <keyword match="FETCH"/>
    <keyword match="FIELD"/>
    <keyword match="FIELD-GROUPS"/>
    <keyword match="FIELD-SYMBOLS"/>
    <keyword match="FIELDS"/>
    <keyword match="FLOOR"/>
    <keyword match="FOR"/>
    <keyword match="FORM"/>
    <keyword match="FORMAT"/>
    <keyword match="FRAC"/>
    <keyword match="FRAME"/>
    <keyword match="FREE"/>
    <keyword match="FROM"/>
    <keyword match="FUNCTION"/>
    <keyword match="FUNCTION-POOL"/>
    <keyword match="GENERATE"/>
    <keyword match="GET"/>
    <keyword match="GROUP"/>
    <keyword match="HASHED"/>
    <keyword match="HEADER"/>
    <keyword match="HELP-ID"/>
    <keyword match="HELP-REQUEST"/>
    <keyword match="HIDE"/>
    <keyword match="HOTSPOT"/>
    <keyword match="ICON"/>
    <keyword match="ID"/>
    <keyword match="IF"/>
    <keyword match="IMPORT"/>
    <keyword match="IMPORTING"/>
    <keyword match="INCLUDE"/>
    <keyword match="INDEX"/>
    <keyword match="INFOTYPES"/>
    <keyword match="INITIALIZATION"/>
    <keyword match="INNER"/>
    <keyword match="INPUT"/>
    <keyword match="INSERT"/>
    <keyword match="INTENSIFIED"/>
    <keyword match="INTERFACE"/>
    <keyword match="INTERFACE-POOL"/>
    <keyword match="INTERFACES"/>
    <keyword match="INTO"/>
    <keyword match="INVERSE"/>
    <keyword match="JOIN"/>
    <keyword match="KEY"/>
    <keyword match="LANGUAGE"/>
    <keyword match="LAST"/>
    <keyword match="LEAVE"/>
    <keyword match="LEFT"/>
    <keyword match="LEFT-JUSTIFIED"/>
    <keyword match="LIKE"/>
    <keyword match="LINE"/>
    <keyword match="LINE-COUNT"/>
    <keyword match="LINE-SELECTION"/>
    <keyword match="LINE-SIZE"/>
    <keyword match="LINES"/>
    <keyword match="LIST-PROCESSING"/>
    <keyword match="LOAD"/>
    <keyword match="LOAD-OF-PROGRAM"/>
    <keyword match="LOCAL"/>
    <keyword match="LOCALE"/>
    <keyword match="LOG"/>
    <keyword match="LOG10"/>
    <keyword match="LOOP"/>
    <keyword match="M"/>
    <keyword match="MARGIN"/>
    <keyword match="MASK"/>
    <keyword match="MATCHCODE"/>
    <keyword match="MAX"/>
    <keyword match="MEMORY"/>
    <keyword match="MESSAGE"/>
    <keyword match="MESSAGE-ID"/>
    <keyword match="MESSAGES"/>
    <keyword match="METHOD"/>
    <keyword match="METHODS"/>
    <keyword match="MIN"/>
    <keyword match="MOD"/>
    <keyword match="MODE"/>
    <keyword match="MODIF"/>
    <keyword match="MODIFY"/>
    <keyword match="MODULE"/>
    <keyword match="MOVE"/>
    <keyword match="MOVE-CORRESPONDING"/>
    <keyword match="MULTIPLY"/>
    <keyword match="MULTIPLY-CORRESPONDING"/>
    <keyword match="NEW"/>
    <keyword match="NEW-LINE"/>
    <keyword match="NEW-PAGE"/>
    <keyword match="NEXT"/>
    <keyword match="NO"/>
    <keyword match="NO-GAP"/>
    <keyword match="NO-GAPS"/>
    <keyword match="NO-HEADING"/>
    <keyword match="NO-SCROLLING"/>
    <keyword match="NO-SIGN"/>
    <keyword match="NO-TITLE"/>
    <keyword match="NO-ZERO"/>
    <keyword match="NODES"/>
    <keyword match="NON-UNIQUE"/>
    <keyword match="O"/>
    <keyword match="OBJECT"/>
    <keyword match="OBLIGATORY"/>
    <keyword match="OCCURS"/>
    <keyword match="OF"/>
    <keyword match="OFF"/>
    <keyword match="ON"/>
    <keyword match="OPEN"/>
    <keyword match="OR"/>
    <keyword match="ORDER"/>
    <keyword match="OTHERS"/>
    <keyword match="OUTER"/>
    <keyword match="OUTPUT"/>
    <keyword match="OVERLAY"/>
    <keyword match="PACK"/>
    <keyword match="PAGE"/>
    <keyword match="PARAMETER"/>
    <keyword match="PARAMETERS"/>
    <keyword match="PERFORM"/>
    <keyword match="PF-STATUS"/>
    <keyword match="POSITION"/>
    <keyword match="PRINT"/>
    <keyword match="PRINT-CONTROL"/>
    <keyword match="PRIVATE"/>
    <keyword match="PROCESS"/>
    <keyword match="PROGRAM"/>
    <keyword match="PROPERTY"/>
    <keyword match="PROTECTED"/>
    <keyword match="PROVIDE"/>
    <keyword match="PUBLIC"/>
    <keyword match="PUT"/>
    <keyword match="RADIOBUTTON"/>
    <keyword match="RAISE"/>
    <keyword match="RAISING"/>
    <keyword match="RANGE"/>
    <keyword match="RANGES"/>
    <keyword match="READ"/>
    <keyword match="RECEIVE"/>
    <keyword match="REFRESH"/>
    <keyword match="REJECT"/>
    <keyword match="REPLACE"/>
    <keyword match="REPORT"/>
    <keyword match="REQUESTED"/>
    <keyword match="RESERVE"/>
    <keyword match="RESET"/>
    <keyword match="RIGHT-JUSTIFIED"/>
    <keyword match="ROLLBACK"/>
    <keyword match="ROUND"/>
    <keyword match="ROWS"/>
    <keyword match="RTTI"/>
    <keyword match="RUN"/>
    <keyword match="SCAN"/>
    <keyword match="SCREEN"/>
    <keyword match="SEARCH"/>
    <keyword match="SEPARATED"/>
    <keyword match="SCROLL"/>
    <keyword match="SCROLL-BOUNDARY"/>
    <keyword match="SEARCH"/>
    <keyword match="SELECT"/>
    <keyword match="SELECT-OPTIONS"/>
    <keyword match="SELECTION-SCREEN"/>
    <keyword match="SELECTION-TABLE"/>
    <keyword match="SET"/>
    <keyword match="SHARED"/>
    <keyword match="SHIFT"/>
    <keyword match="SIGN"/>
    <keyword match="SIN"/>
    <keyword match="SINGLE"/>
    <keyword match="SINH"/>
    <keyword match="SIZE"/>
    <keyword match="SKIP"/>
    <keyword match="SORT"/>
    <keyword match="SORTED"/>
    <keyword match="SPLIT"/>
    <keyword match="SQL"/>
    <keyword match="SQRT"/>
    <keyword match="STAMP"/>
    <keyword match="STANDARD"/>
    <keyword match="START-OF-SELECTION"/>
    <keyword match="STATICS"/>
    <keyword match="STOP"/>
    <keyword match="STRING"/>
    <keyword match="STRLEN"/>
    <keyword match="STRUCTURE"/>
    <keyword match="SUBMIT"/>
    <keyword match="SUBTRACT"/>
    <keyword match="SUBTRACT-CORRESPONDING"/>
    <keyword match="SUM"/>
    <keyword match="SUPPLY"/>
    <keyword match="SUPPRESS"/>
    <keyword match="SYMBOL"/>
    <keyword match="SYNTAX-CHECK"/>
    <keyword match="SYNTAX-TRACE"/>
    <keyword match="SYSTEM-CALL"/>
    <keyword match="SYSTEM-EXCEPTIONS"/>
    <keyword match="TABLE"/>
    <keyword match="TABLE_LINE"/>
    <keyword match="TABLES"/>
    <keyword match="TAN"/>
    <keyword match="TANH"/>
    <keyword match="TEXT"/>
    <keyword match="TEXTPOOL"/>
    <keyword match="TIME"/>
    <keyword match="TIMES"/>
    <keyword match="TITLE"/>
    <keyword match="TITLEBAR"/>
    <keyword match="TO"/>
    <keyword match="TOP-OF-PAGE"/>
    <keyword match="TRANSACTION"/>
    <keyword match="TRANSFER"/>
    <keyword match="TRANSLATE"/>
    <keyword match="TRANSPORTING"/>
    <keyword match="TRUNC"/>
    <keyword match="TYPE"/>
    <keyword match="TYPE-POOL"/>
    <keyword match="TYPE-POOLS"/>
    <keyword match="TYPES"/>
    <keyword match="ULINE"/>
    <keyword match="UNDER"/>
    <keyword match="UNIQUE"/>
    <keyword match="UNIT"/>
    <keyword match="UNPACK"/>
    <keyword match="UP"/>
    <keyword match="UPDATE"/>
    <keyword match="USER-COMMAND"/>
    <keyword match="USING"/>
    <keyword match="VALUE"/>
    <keyword match="VALUE-REQUEST"/>
    <keyword match="VALUES"/>
    <keyword match="VARY"/>
    <keyword match="WHEN"/>
    <keyword match="WHERE"/>
    <keyword match="WHILE"/>
    <keyword match="WINDOW"/>
    <keyword match="WITH"/>
    <keyword match="WITH-TITLE"/>
    <keyword match="WORK"/>
    <keyword match="WRITE"/>
    <keyword match="X"/>
    <keyword match="XSTRING"/>
    <keyword match="Z"/>
    <keyword match="ZONE"/>
  </keywords> 
  
  
  <keywords name="constants" inherits="identifier" innerClass="reserved">
    <keyword match="INITIAL"/>
    <keyword match="NULL"/>
    <keyword match="SPACE"/>
    <keyword match="COL_BACKGROUND"/>
    <keyword match="COL_HEADING"/>
    <keyword match="COL_NORMAL"/>
    <keyword match="COL_TOTAL"/>
    <keyword match="COL_KEY"/>
    <keyword match="COL_POSITIVE"/>
    <keyword match="COL_NEGATIVE"/>
    <keyword match="COL_GROUP"/>
  </keywords>
  
</highlight>
